name,brand,category,price,image
[리뉴얼 ver.]미니멀 푸퍼 다운 숏패딩_Gray,라퍼지스토어,아우터,138000,https://image.msscdn.net/images/goods_img/20191001/1173385/1173385_5_125.jpg
캐시미어 블렌드 오버사이즈 싱글 코트 [블랙],무신사 스탠다드,아우터,139900,https://image.msscdn.net/images/goods_img/20180921/865862/865862_2_125.jpg
3M 신슐레이트 보아 플리스 무톤 자켓 베이지,파르티멘토,아우터,111700,https://image.msscdn.net/images/goods_img/20201116/1690701/1690701_1_125.jpg
N204UDW890 카이만S RDS 구스 다운 점퍼 CARBON BLACK,내셔널지오그래픽,아우터,439000,https://image.msscdn.net/images/goods_img/20200715/1515907/1515907_6_125.jpg
[핏더사이즈X슈펜] Seku-shi(세쿠시) 첼시 부읏츠  BYTM20W12,슈펜,신발,139000,https://image.msscdn.net/images/goods_img/20200828/1568047/1568047_5_125.jpg
N204USW980 벨록스 와펜 세미 오버핏 맨투맨 티셔츠 C BLACK,내셔널지오그래픽,상의,69000,https://image.msscdn.net/images/goods_img/20200818/1552069/1552069_1_125.jpg
N204UDW890 카이만S RDS 구스 다운 점퍼 BLACK 2,내셔널지오그래픽,아우터,439000,https://image.msscdn.net/images/goods_img/20200715/1515902/1515902_2_125.jpg
3M 신슐레이트 M-51 피시테일 코트 패딩 카키,파르티멘토,아우터,155000,https://image.msscdn.net/images/goods_img/20191028/1204448/1204448_2_125.jpg
리버서블 보아 숏푸퍼 WHJPB1192U [그레이],후아유,아우터,99900,https://image.msscdn.net/images/goods_img/20200703/1505908/1505908_6_125.jpg
다운 푸퍼 숏 패딩 재킷 [라이트 그레이],무신사 스탠다드,아우터,119900,https://image.msscdn.net/images/goods_img/20181123/912315/912315_6_125.jpg
척 70 클래식 블랙 162050C,컨버스,스니커즈,95000,https://image.msscdn.net/images/goods_img/20180703/810033/810033_2_125.jpg
4.5cm 소가죽 코만도 첼시부츠 루틴(CR0011),커스텀에이드,신발,99000,https://image.msscdn.net/images/goods_img/20190826/1128656/1128656_1_125.jpg
[리뉴얼 ver.]미니멀 푸퍼 다운 숏패딩_Black,라퍼지스토어,아우터,138000,https://image.msscdn.net/images/goods_img/20191001/1173366/1173366_5_125.jpg
마스터 구스다운 숏패딩 -그레이-,집시,아우터,339000,https://image.msscdn.net/images/goods_img/20181120/909281/909281_1_125.jpg
1+1 하프 터틀넥 니트,수아레,상의,66000,https://image.msscdn.net/images/goods_img/20200821/1558847/1558847_1_125.jpg
1931 OBJECT JEANS [CROP STRAIGHT],브랜디드,바지,78000,https://image.msscdn.net/images/goods_img/20190309/978464/978464_4_125.jpg
실버 폭스 롱 다운 파카 [블랙],무신사 스탠다드,아우터,219900,https://image.msscdn.net/images/goods_img/20191021/1195438/1195438_3_125.jpg
척 70 클래식  블랙 162058C,컨버스,스니커즈,89000,https://image.msscdn.net/images/goods_img/20180703/810034/810034_2_125.jpg
20FW RDS 덕다운 숏 패딩 점퍼 쿨그레이,커버낫,아우터,179000,https://image.msscdn.net/images/goods_img/20200805/1537634/1537634_5_125.jpg
솔리드 무톤 자켓,도프제이슨,아우터,173000,https://image.msscdn.net/images/goods_img/20161123/452483/452483_2_125.jpg
